id,question
a5825c73,What steps do I need to follow to create a new account?
a5825c73,Where can I find the option to sign up for an account?
a5825c73,Is there a specific button I should click to start the registration process?
a5825c73,Can you guide me through the registration process for an account?
a5825c73,What is the first action I should take to register for an account?
db025979,What are the accepted payment options for my subscription?
db025979,Can I use PayPal for my online order?
db025979,Do you take debit cards as a payment method?
db025979,Are there any specific credit cards you do not accept?
db025979,What payment methods can I use for my fitness plan?
f936d8f6,What steps do I need to follow to check my order status?
f936d8f6,Where can I find the tracking details for my shipment?
f936d8f6,Is there a specific section in my account for order tracking?
f936d8f6,"Can I track my order from the website, and if so, how?"
f936d8f6,What should I do to see my order history?
ae7b5c39,What time frame do I have to return an item?
ae7b5c39,Are there conditions for getting a full refund on returns?
ae7b5c39,Do I need to keep the original packaging to return a product?
ae7b5c39,Where can I find the instructions for returning an item?
ae7b5c39,Is there a specific return reason required for a refund?
0ea444c1,Is it possible to cancel my order after placing it?
0ea444c1,What should I do to cancel my order?
0ea444c1,Can I get a refund if I cancel my order?
0ea444c1,How can I check if my order has shipped before canceling?
0ea444c1,Who do I need to contact for order cancellation assistance?
12291f94,What are the typical shipping durations for different options?
12291f94,"If I choose standard shipping, how long will it take to arrive?"
12291f94,Can you tell me how fast express shipping usually is?
12291f94,Does the shipping time depend on where the package is going?
12291f94,What is the maximum duration for standard shipping?
44c67340,Is international shipping available?
44c67340,Which countries are eligible for international shipping?
44c67340,How can I find out the shipping costs for my location?
44c67340,Do you provide tracking for international shipments?
44c67340,What should I do if my international order doesn't arrive?
4d6e804e,What steps should I follow if my order doesn't arrive?
4d6e804e,Who should I contact regarding a damaged delivery?
4d6e804e,How can I resolve an issue with a lost package?
4d6e804e,What actions does your team take if my shipment is missing?
4d6e804e,Is there a specific process for reporting delivery problems?
a5f8ed75,Is it possible to modify my shipping address once the order has been placed?
a5f8ed75,What should I do if I want to change my shipping address after ordering?
a5f8ed75,How can I update my shipping address if my order hasn’t been shipped yet?
a5f8ed75,Who should I contact to change my shipping address after an order?
a5f8ed75,Will you be able to change my shipping address if the order is already shipped?
1556f9f4,What are the available methods to reach customer support?
1556f9f4,What contact details should I use to get in touch with customer service?
1556f9f4,When is customer support available to assist me?
1556f9f4,Can you provide the phone number for customer support?
1556f9f4,Is there an email address where I can send my inquiries to customer support?
e857f3fb,Is gift wrapping available for orders?
e857f3fb,Can I get my purchase gift wrapped?
e857f3fb,Do I need to pay extra for gift wrapping?
e857f3fb,How can I request gift wrapping for my order?
e857f3fb,Is there an option for gift wrapping at checkout?
cbbe261f,Can you explain how your price matching policy works?
cbbe261f,What do I need to do to take advantage of your price matching service?
cbbe261f,Is there a specific process to follow for requesting a price match?
cbbe261f,Will you match prices for all products or are there exclusions?
cbbe261f,How do I contact customer support for price matching inquiries?
c47b55e8,Is it possible to place an order using my phone?
c47b55e8,Can I call to make an order instead of using the website?
c47b55e8,Do you have a phone ordering system available?
c47b55e8,What should I do if I want to order but can't use the website?
c47b55e8,Are phone orders accepted for fitness products?
4d10fe0f,How does the fitness assistant protect my personal information during payment?
4d10fe0f,What measures are in place to keep my payment details confidential?
4d10fe0f,Can I trust that my financial data is secure with this service?
4d10fe0f,Are there any specific security protocols used for protecting payment information?
4d10fe0f,What encryption methods are utilized to safeguard my personal data?
1438fc3b,What should I do if a product I bought is now cheaper?
1438fc3b,Is there a time limit for requesting a price adjustment after making a purchase?
1438fc3b,How can I request a price adjustment for a recent order?
1438fc3b,Does your price adjustment policy apply to all products?
1438fc3b,Can I get a price adjustment more than once for different products?
bffba313,Is there a rewards program available for customers?
bffba313,How can I earn points in your loyalty system?
bffba313,What benefits do members of the loyalty program receive?
bffba313,Can I redeem my loyalty points for discounts?
bffba313,Where can I find more information about the loyalty program?
716a4e4d,Is it possible to place an order without signing up for an account?
716a4e4d,What are the advantages of creating an account when ordering?
716a4e4d,Can I still track my order if I don’t create an account?
716a4e4d,Will I find it easier to make future purchases with an account?
716a4e4d,Do I need to register to complete my order?
4fceba91,Are there any bulk discounts available for your products?
4fceba91,How can I find out more about wholesale pricing options?
4fceba91,Is there a specific page for wholesale inquiries?
4fceba91,Who should I contact to discuss bulk pricing?
4fceba91,What products qualify for wholesale discounts?
39134f05,How can I modify or cancel a product in my order?
39134f05,What should I do if I want to change an item in my order?
39134f05,Is there a way to alter or cancel my order after it has been placed?
39134f05,Who do I contact for assistance with changing or canceling my order?
39134f05,What steps do I need to follow to change or cancel an order item?
3c130110,What steps do I need to follow to leave a review for a product?
3c130110,Where can I find the option to write a product review on your website?
3c130110,Can you guide me on how to share my feedback for a product?
3c130110,Is there a specific button to click to write a review on the product page?
3c130110,How do I rate a product after my purchase?
5a7a6071,Is it possible to apply more than one promo code for a single purchase?
5a7a6071,How do I enter a promo code at checkout?
5a7a6071,Can I combine discounts from different promo codes on one order?
5a7a6071,What happens if I try to use multiple promo codes at once?
5a7a6071,Are there any exceptions for using more than one promo code per order?
d040fd2f,What steps should I take if my order contains the incorrect item?
d040fd2f,Who can I reach out to for help with a wrong item in my order?
d040fd2f,What will happen if I contact customer support about a wrong item?
d040fd2f,How does the process work for returning an incorrect item I received?
d040fd2f,Will I receive the correct item after reporting the wrong one to customer support?
9d3f4396,Can I choose a faster shipping method at checkout?
9d3f4396,Is expedited shipping available for my order?
9d3f4396,What are my options for faster delivery?
9d3f4396,How do I select expedited shipping during checkout?
9d3f4396,Do you provide faster shipping services?
e3e525b5,Is it possible to order an item that is currently not available?
e3e525b5,What happens if a product is out of stock when I try to buy it?
e3e525b5,Can I receive alerts for restocked items that are currently sold out?
e3e525b5,How can I know when a product will be back in stock?
e3e525b5,Is there a way to sign up for notifications on out-of-stock items?
1f2fceb7,What kind of information can I expect from your email newsletter?
1f2fceb7,How can I subscribe to your email newsletter?
1f2fceb7,Do you offer any special promotions in your newsletter?
1f2fceb7,Are there any helpful tips included in your newsletter?
1f2fceb7,What new products are usually featured in your newsletter updates?
9a9ab0e5,What is the process for returning an item if I have changed my mind?
9a9ab0e5,Are there any conditions I need to meet to return a product?
9a9ab0e5,Is it possible to get a refund if I no longer want the product?
9a9ab0e5,Do I need to keep the original packaging for a return?
9a9ab0e5,Where can I find the return policy for your products?
c4a9265b,Is there a way to contact customer support in real time?
c4a9265b,What are the hours for live chat support?
c4a9265b,Where can I find the live chat option on your website?
c4a9265b,Can I get help from customer support via live chat?
c4a9265b,Is live chat available for assistance during all business hours?
01558321,Is it possible to send a product directly to someone as a gift?
01558321,Can I specify a different shipping address when ordering a gift?
01558321,How do I arrange for a product to be delivered to a recipient?
01558321,What steps do I need to take to order a gift for someone?
01558321,Can I choose a gift delivery option during checkout?
5011e6e1,What steps should I take if my discount code isn't functioning properly?
5011e6e1,Is there a way to fix my discount code if it's not being accepted?
5011e6e1,Who can I reach out to if my discount code fails to work?
5011e6e1,What information should I verify if my discount code doesn't apply?
5011e6e1,What should I do to resolve issues with my discount code?
0dbcea26,What is the policy for returning final sale items?
0dbcea26,Are there exceptions for returning items that were marked as final sale?
0dbcea26,How can I check if my final sale purchase is returnable?
0dbcea26,What should I do if I want to return a final sale item?
0dbcea26,Is there a way to get a refund for a final sale purchase?
0d948b46,Are installation services available for all products?
0d948b46,How can I find out if installation services are offered for a specific product?
0d948b46,Is there a way to request installation services directly?
0d948b46,What should I do if I need help with installation?
0d948b46,Can I contact customer support for more details about installation services?
0fc36df6,Is it possible to buy a product that has been discontinued?
0fc36df6,What happens if I want an item that is no longer sold?
0fc36df6,Are discontinued items still accessible for purchase?
0fc36df6,Can I find alternatives for a product that is no longer available?
0fc36df6,What should I do if the product I want is discontinued?
868edd01,Is a receipt necessary for returning an item?
868edd01,What do I need to return a product?
868edd01,Can I get assistance with my return if I lost my receipt?
868edd01,What should I do if I don't have proof of purchase for a return?
868edd01,Where can I find the return policy for your products?
e90a28db,Is it possible to have my order shipped internationally to another country?
e90a28db,What should I do if I want my product delivered to a different country?
e90a28db,Are there specific countries where you provide international shipping?
e90a28db,How can I find out if my country qualifies for international shipping during checkout?
e90a28db,Can customer support help me with international shipping inquiries?
b5f9b9d1,Is it possible to include a personalized note with my order?
b5f9b9d1,How do I attach a gift message when I make a purchase?
b5f9b9d1,Can I customize my order with a gift message during checkout?
b5f9b9d1,Where in the checkout can I add a message for my gift?
b5f9b9d1,Are there any steps to follow to add a gift note to my order?
231bdc75,Is it possible to see a demonstration of a product before buying it?
231bdc75,Do you have any video demonstrations for your products?
231bdc75,Can I try out a fitness product before deciding to purchase it?
231bdc75,Are there any resources available to help me understand the product better before buying?
231bdc75,What kind of information is available about the products on your website?
53415902,Is it possible to purchase items marked as 'coming soon'?
53415902,What should I do if I want to know when a product will be available?
53415902,Can I get an update on products that are not yet available for sale?
53415902,Are 'coming soon' products available for pre-order?
53415902,How can I be notified when a awaited product is ready to buy?
f26b624d,How can I get an invoice for my order?
f26b624d,Is the invoice included with the order I placed?
f26b624d,What should I do if I need a separate invoice?
f26b624d,Who should I contact for invoice requests regarding my order?
f26b624d,Do I have to pay extra for a separate invoice?
4194a7f7,Is there a chance that the 'limited edition' item could sell out before I place my order?
4194a7f7,What are the chances of getting a 'limited edition' product after it goes out of stock?
4194a7f7,Can you tell me how long 'limited edition' products are usually available for purchase?
4194a7f7,What should I do if I want to ensure I get a 'limited edition' product?
4194a7f7,Are there any specific limits on how many 'limited edition' items I can order?
d1379f24,Is it possible to return an item if I don't have the original packaging?
d1379f24,What should I do if I want to return a product but lost its packaging?
d1379f24,Can I initiate a return without the item’s original box?
d1379f24,Do I need the original packaging to return a product?
d1379f24,How can I get assistance with a return if I lack the packaging?
2d52c148,Is there a way to reserve an out-of-stock product until it becomes available?
2d52c148,Can I sign up to be notified when a currently unavailable item is back in stock?
2d52c148,What options do I have if the product I want is out of stock?
2d52c148,Do you allow customers to hold items that are not currently available?
2d52c148,How can I find out when a product that is sold out will be restocked?
b874d464,Is it possible to combine pre-order products with items that are currently in stock in one order?
b874d464,What happens if I order both pre-order and in-stock items at the same time?
b874d464,Can I expect to receive my order immediately if it includes a pre-order item?
b874d464,Will my entire order be delayed if it includes a single pre-order item?
b874d464,Are there any restrictions on ordering pre-order items along with available products?
9a969d05,What is the process if my item arrives damaged?
9a969d05,How do I report a damaged item I received?
9a969d05,Who should I contact for assistance with a damaged product?
9a969d05,What steps do I need to follow for returning a damaged item?
9a969d05,Is there a timeframe for reporting damaged goods during shipping?
56901444,Is it possible to request the restocking of an out-of-stock item?
56901444,How can I be notified when a popular product is back in stock?
56901444,Do you restock items that are currently unavailable for purchase?
56901444,What should I do if I want to know when a product is restocked?
56901444,Can I sign up for alerts about products that are not in stock?
057cdc80,Is it possible to place an order for items showing 'backordered' status?
057cdc80,What happens when I order a 'backordered' product?
057cdc80,Can I still buy something that is currently out of stock?
057cdc80,Will I receive my order immediately if I choose a backordered item?
057cdc80,How does the fulfillment process work for backordered products?
e9eae9be,Am I able to return items bought on sale or with a discount?
e9eae9be,What happens to my refund if I return a discounted product?
e9eae9be,Is it possible to return a sale item?
e9eae9be,Will I get my money back for a product I bought on sale?
e9eae9be,How is a refund calculated for items purchased with discounts?
83e26d61,What should I do if I receive a damaged product?
83e26d61,How can I initiate a request for a product repair?
83e26d61,Is it possible to get a replacement for a damaged item?
83e26d61,Who do I need to contact regarding a damaged product?
83e26d61,What steps do I take for a repair or replacement?
8f1cfa7e,Is it possible to purchase an item that is currently out of stock?
8f1cfa7e,What happens if I order a product that's listed as pre-order?
8f1cfa7e,When will I receive my order for an item that's available for pre-order?
8f1cfa7e,Can I secure a product that's not yet in stock?
8f1cfa7e,Will I be charged immediately for a pre-order item?
0ee720eb,Is it possible to return a gift that I received?
0ee720eb,What happens if I want to return a gift item?
0ee720eb,Will I get a refund for a gift return?
0ee720eb,Which payment method is refunded if I return a gift?
0ee720eb,Are there any restrictions on returning gift purchases?
953918bc,Is it possible to buy a discontinued product from your website?
953918bc,What should I do if I want an item that is marked as discontinued?
953918bc,Are there alternatives available for products that have been discontinued?
953918bc,Can I still request a product that is listed as discontinued?
953918bc,What happens to discontinued items on your website?
dfc4f878,Is there a way to order something that is sold out?
dfc4f878,What should I do if a product is unavailable for purchase?
dfc4f878,How can I find out when a sold-out item is back in stock?
dfc4f878,Can I sign up for notifications for sold-out products?
dfc4f878,What does it mean if a product is listed as 'sold out'?
193e71e9,Is it possible to return an item bought with a gift card?
193e71e9,What happens if I return a product I purchased using a gift card?
193e71e9,Will I get cash back if I return a gift card purchase?
193e71e9,How will I receive my refund if I return something bought with a gift card?
193e71e9,Can I exchange a product purchased with a gift card instead of returning it?
366c9e40,What should I do if the product I want is out of stock in my size?
366c9e40,How can I know when my desired size is available again?
366c9e40,Is there a way to get notified when a product in my size is back in stock?
366c9e40,What does it mean when a product is temporarily out of stock?
366c9e40,Can I still inquire about a product if it isn't available in my size?
cfdd3b13,Is it possible to pre-order an item that is marked as 'coming soon'?
cfdd3b13,What happens if I pre-order a product that isn't released yet?
cfdd3b13,How can I secure an item listed as 'coming soon'?
cfdd3b13,Can I pay for a 'coming soon' item upfront?
cfdd3b13,Will I be notified when my pre-ordered product is available?
24ecf6bc,Is it possible to return an item bought with a discount code?
24ecf6bc,"If I use a discount code, will I still get a refund on my return?"
24ecf6bc,Can I return a discounted product and how is the refund handled?
24ecf6bc,What happens if I return something I bought with a coupon?
24ecf6bc,How is the refund amount calculated for items purchased with a discount?
9a8437cb,Do you allow for custom orders of products?
9a8437cb,Can I get personalized items through your service?
9a8437cb,Are there options for tailored product requests?
9a8437cb,Is it possible to create a custom product order with you?
9a8437cb,What are the available choices for products on your website?
429d0ca5,Is it possible to purchase an item marked as 'temporarily unavailable'?
429d0ca5,What does it mean when a product is 'temporarily unavailable'?
429d0ca5,Will I be able to buy a 'temporarily unavailable' item in the future?
429d0ca5,How can I find out when a 'temporarily unavailable' product is back in stock?
429d0ca5,Can I sign up for alerts regarding 'temporarily unavailable' products?
2caeef0d,What is the return policy for damaged items?
2caeef0d,Can I get a refund for a product that was misused?
2caeef0d,Are products damaged from improper use eligible for returns?
2caeef0d,How should I proceed if I received a damaged product?
2caeef0d,Who do I contact for issues regarding returns?
b81d6268,Is it possible to order a product that is labeled as 'coming soon'?
b81d6268,What should I do if a product I want is not available for pre-order?
b81d6268,Can I expect to buy a 'coming soon' item immediately?
b81d6268,When will a 'coming soon' product be available for purchase?
b81d6268,Why is a 'coming soon' product not available for pre-order?
8ee76407,What does it mean if a product is labeled as 'on hold'?
8ee76407,Is it possible to purchase an item that is currently on hold?
8ee76407,How can I find out when a product on hold becomes available?
8ee76407,Should I expect any delays when trying to order an 'on hold' product?
8ee76407,Can I receive updates about the availability of an on hold product?
e16e43e1,What should I do if I want to return a product but lost my receipt?
e16e43e1,Is it possible to return an item without the original purchase receipt?
e16e43e1,How can I get help with a return if I don't have a receipt?
e16e43e1,Will customer support assist me with a return if I can't find my receipt?
e16e43e1,Do I need a receipt to initiate a return for a product?
4918376e,Is it possible to order a limited edition product that is currently out of stock?
4918376e,Will limited edition items be restocked after they sell out?
4918376e,How long are limited edition products available for purchase?
4918376e,What should I do if I want a limited edition item that is no longer available?
4918376e,Are there any guarantees on limited edition product availability?
0ba74d77,Is it possible to order a discontinued product from your website?
0ba74d77,What should I do if I see a discontinued item still listed online?
0ba74d77,Can I get clarification on ordering items marked as discontinued?
0ba74d77,"If an item is marked as discontinued, does that mean it's entirely unavailable?"
0ba74d77,Will your customer support help me if I have questions about discontinued products?
c618b995,What is the return policy for clearance or final sale items?
c618b995,Are clearance items eligible for refunds?
c618b995,Can I contact customer support for more information on returns?
c618b995,What should I check before attempting to return a discount item?
c618b995,Is there a chance to get a refund on a sale item?
7f8d3c70,Is it possible to order a product that isn't found on your website?
7f8d3c70,What should I do if I can't find a product I want on your site?
7f8d3c70,Are all available products displayed on your website?
7f8d3c70,Can I get help if a product I want is not listed online?
7f8d3c70,What happens if the product I want is unavailable on your website?
508156be,Can I still order something that is currently out of stock?
508156be,What happens if I backorder an out-of-stock item?
508156be,When will my backordered product be shipped?
508156be,Is it possible to secure an item that is out of stock?
508156be,What does it mean if a product is available for backorder?
8ec93590,What should I know about returning items bought in bundles or sets?
8ec93590,Are there different return policies for products purchased as part of a set?
8ec93590,How can I find out about the return policy for my bundled purchase?
8ec93590,Can I get a refund if I want to return just one item from a bundle?
8ec93590,Who should I contact for guidance on returning a product from a set?
4629871f,What should I do if I want an out-of-stock item to be restocked?
4629871f,Is there a way to get notified when a product is back in stock?
4629871f,Will my favorite product be restocked if it's currently unavailable?
4629871f,Can I expect all out-of-stock items to be restocked soon?
4629871f,How do I receive alerts for products that become available again?
37e0fb9f,Is it possible to place a pre-order for a product that says 'coming soon'?
37e0fb9f,What happens when I pre-order a 'coming soon' item?
37e0fb9f,Can I secure a 'coming soon' product by ordering it now?
37e0fb9f,"If a product is marked as 'coming soon', can I still order it?"
37e0fb9f,Can I ensure I get a product by pre-ordering it if it's listed as 'coming soon'?
d5c9a54b,What should I do if my product arrived damaged because of shipping mishandling?
d5c9a54b,Is there a process for returning items that were damaged during shipping?
d5c9a54b,Who should I contact regarding a damaged product from my order?
d5c9a54b,Can you guide me on the return steps for a mishandled shipment?
d5c9a54b,What assistance can I expect for returning a damaged item?
343491fb,Is it possible to reserve an item that is currently out of stock?
343491fb,What should I do if a product is unavailable?
343491fb,Can I get notified when an out-of-stock item is back in stock?
343491fb,Are there any options for holding a product that I want to buy later?
343491fb,How can I sign up for alerts on products that are currently not available?
f3aa375f,Is it possible to order a pre-order product that is also backordered?
f3aa375f,What happens when I place an order for a backordered pre-order item?
f3aa375f,Will I receive my pre-order item as soon as it is available?
f3aa375f,How can I secure a product that is listed for pre-order?
f3aa375f,What does it mean if a product is on backorder while also being a pre-order?
a33fc747,Is it possible to return a product bought with store credit?
a33fc747,What happens if I return an item paid for using store credit?
a33fc747,Will I receive a cash refund if I return something I bought with store credit?
a33fc747,Can I get my money back in another form if I return an item purchased with store credit?
a33fc747,Does returning a product purchased with store credit allow me to use the refund for future purchases?
945d2c30,Is there a way to request an item that is out of stock to be available again?
945d2c30,How can I find out if a popular product will be restocked?
945d2c30,What should I do if I want to know when a product is back in stock?
945d2c30,Can I be notified when a currently unavailable item becomes available?
945d2c30,Does your store have a system for alerting customers about restocked items?
eb52e704,What should I do if a product is sold out but can be pre-ordered?
eb52e704,Is it possible to reserve a sold-out item for later shipment?
eb52e704,Will I receive my pre-ordered product immediately if it's sold out?
eb52e704,Can I still purchase an item that is sold out if it's marked for pre-order?
eb52e704,How does the pre-order process work for sold-out products?
8cb3fec8,Is it possible to return an item bought with a promotional gift card?
8cb3fec8,What happens if I return a product purchased using a promotional gift card?
8cb3fec8,Will I get my money back if I return something bought with a promotional gift card?
8cb3fec8,How will I receive my refund if I return an item bought with a promotional gift card?
8cb3fec8,Are there any specific conditions for returning products bought with a promotional gift card?
c2a1b151,Is there a way to get notified when my preferred product color is back in stock?
c2a1b151,What should I do if the product I want is not available in the color I prefer?
c2a1b151,Can I receive updates if a certain color of a product becomes available again?
c2a1b151,How can I find out if a temporarily out-of-stock product will return in my favorite color?
c2a1b151,Are color options for products limited and do they change frequently?
6311fa20,What should I do if a product is marked as 'coming soon' but I cannot pre-order it?
6311fa20,Is there a way to get notified when a 'coming soon' product is officially available?
6311fa20,When can I buy a product listed as 'coming soon'?
6311fa20,Are 'coming soon' products usually available for immediate purchase?
6311fa20,Why can't I pre-order items that are labeled as 'coming soon'?
dc347b46,Is it possible to return items bought during a sale event?
dc347b46,What happens if I want to return something bought on promotion?
dc347b46,Are promotional purchase returns eligible for refunds?
dc347b46,Can I get a refund for a product acquired during a special offer?
dc347b46,Will I receive a refund based on the discount price for returns from a promotional event?
